<?xml version = '1.0' encoding = 'UTF-8'?>
<FKIndexAssociation class="oracle.dbtools.crest.model.design.relational.FKIndexAssociation" directorySegmentName="seg_0" id="856A12CE-94C3-DC33-A232-B9D09EDB1725" containerWithKeyObject="DA7812E0-848B-3784-A35D-963E6893F247" localFKIndex="131D3D7E-2E81-62B0-CBA7-6F4F99BBB69A" name="Reserva_Pasajero_FK">
<createdBy>svasquez</createdBy>
<createdTime>2025-08-21 23:28:03 UTC</createdTime>
<generatorID>C3EC978D-EF1B-7815-AACF-3F6D058AB2D1</generatorID>
<ownerDesignName>Desarrollo Formativa S2</ownerDesignName>
<referredTableLongName>Pasajero</referredTableLongName>
<deleteRule>NO ACTION</deleteRule>
<referredTableID>00DBF500-7A30-70A9-5A1D-CC89D51F1883</referredTableID>
<keyObject>4FE6FB69-D0C0-4242-CAD8-9044673C8534</keyObject>
<referredKeyID>4FE6FB69-D0C0-4242-CAD8-9044673C8534</referredKeyID>
<mandatory>true</mandatory>
<refColNames>pasaporte_cedula</refColNames>
<transferable>true</transferable>
<rely>false</rely>
<discriminatorColumn>B26CAA9A-289B-EA10-30E8-94930785C4A6</discriminatorColumn>
<columnDependencyConstraintGenerateInDDL>true</columnDependencyConstraintGenerateInDDL>
</FKIndexAssociation>