<?xml version = '1.0' encoding = 'UTF-8'?>
<Table class="oracle.dbtools.crest.model.design.relational.Table" directorySegmentName="seg_0" id="00DBF500-7A30-70A9-5A1D-CC89D51F1883" name="Pasajero">
<createdBy>svasquez</createdBy>
<createdTime>2025-08-19 05:23:52 UTC</createdTime>
<generatorID>45043BE7-64B6-6CA9-21D9-E30A155100B1</generatorID>
<ownerDesignName>Desarrollo Formativa S2</ownerDesignName>
<allowColumnReorder>false</allowColumnReorder>
<existDependencyGenerateInDDl>true</existDependencyGenerateInDDl>
<parsed>true</parsed>
<columns itemClass="oracle.dbtools.crest.model.design.relational.Column">
<Column name="pasaporte_cedula" id="B26CAA9A-289B-EA10-30E8-94930785C4A6">
<createdBy>svasquez</createdBy>
<createdTime>2025-08-19 05:23:52 UTC</createdTime>
<generatorID>99C2353A-B1FA-BAE1-1A61-1AB641C7BA22</generatorID>
<ownerDesignName>Desarrollo Formativa S2</ownerDesignName>
<useDomainConstraints>false</useDomainConstraints>
<use>1</use>
<logicalDatatype>LOGDT019</logicalDatatype>
<dataTypePrecision>15</dataTypePrecision>
<ownDataTypeParameters>,15,</ownDataTypeParameters>
<autoIncrementCycle>false</autoIncrementCycle>
</Column>
<Column name="nombre_completo" id="24CF97F7-CD41-A3E8-05B3-54D5E10B242E">
<createdBy>svasquez</createdBy>
<createdTime>2025-08-19 05:23:52 UTC</createdTime>
<generatorID>4FEC1583-ED34-24C4-B090-BEC8D4833613</generatorID>
<ownerDesignName>Desarrollo Formativa S2</ownerDesignName>
<useDomainConstraints>false</useDomainConstraints>
<use>1</use>
<logicalDatatype>LOGDT024</logicalDatatype>
<dataTypeSize>50</dataTypeSize>
<ownDataTypeParameters>50,,</ownDataTypeParameters>
<autoIncrementCycle>false</autoIncrementCycle>
</Column>
<Column name="fecha_nac" id="5DE9CBEB-A11E-E619-2819-ADD1DAA706C4">
<createdBy>svasquez</createdBy>
<createdTime>2025-08-19 05:23:52 UTC</createdTime>
<generatorID>A6D3843C-4EC6-4ECF-C60C-C8F6A84DF681</generatorID>
<ownerDesignName>Desarrollo Formativa S2</ownerDesignName>
<useDomainConstraints>false</useDomainConstraints>
<use>1</use>
<logicalDatatype>LOGDT007</logicalDatatype>
<ownDataTypeParameters>,,</ownDataTypeParameters>
<autoIncrementCycle>false</autoIncrementCycle>
</Column>
<Column name="fono_contacto" id="652CA119-B8AB-F625-D149-60E40F7CD02A">
<createdBy>svasquez</createdBy>
<createdTime>2025-08-19 05:23:52 UTC</createdTime>
<generatorID>A69A2FB6-DA26-091D-1F89-590A84629261</generatorID>
<ownerDesignName>Desarrollo Formativa S2</ownerDesignName>
<nullsAllowed>true</nullsAllowed>
<useDomainConstraints>false</useDomainConstraints>
<use>1</use>
<logicalDatatype>LOGDT019</logicalDatatype>
<dataTypePrecision>15</dataTypePrecision>
<ownDataTypeParameters>,15,</ownDataTypeParameters>
<autoIncrementCycle>false</autoIncrementCycle>
</Column>
<Column name="email" id="53BE835D-1456-301D-B1EB-33127A6BCB02">
<createdBy>svasquez</createdBy>
<createdTime>2025-08-19 05:23:52 UTC</createdTime>
<generatorID>FF5C1D03-98CA-527F-D81B-834577A42440</generatorID>
<ownerDesignName>Desarrollo Formativa S2</ownerDesignName>
<nullsAllowed>true</nullsAllowed>
<useDomainConstraints>false</useDomainConstraints>
<use>1</use>
<logicalDatatype>LOGDT024</logicalDatatype>
<dataTypeSize>50</dataTypeSize>
<ownDataTypeParameters>50,,</ownDataTypeParameters>
<autoIncrementCycle>false</autoIncrementCycle>
</Column>
</columns>
<indexes itemClass="oracle.dbtools.crest.model.design.relational.Index">
<ind_PK_UK id="4FE6FB69-D0C0-4242-CAD8-9044673C8534" name="Pasajero_PK">
<createdBy>svasquez</createdBy>
<createdTime>2025-08-19 05:23:52 UTC</createdTime>
<generatorID>FD1A5BCF-BCFD-D58F-19B1-75762AF5944C</generatorID>
<ownerDesignName>Desarrollo Formativa S2</ownerDesignName>
<pk>true</pk>
<indexState>Primary Constraint</indexState>
<isSurrogateKey>false</isSurrogateKey>
<indexColumnUsage>
<colUsage columnID="B26CAA9A-289B-EA10-30E8-94930785C4A6"/>
</indexColumnUsage>
</ind_PK_UK>
</indexes>
</Table>