<?xml version = '1.0' encoding = 'UTF-8'?>
<Table class="oracle.dbtools.crest.model.design.relational.Table" directorySegmentName="seg_0" id="C6165FEC-BE95-3E5C-DECB-CC1AFEF35134" name="Vuelo">
<createdBy>svasquez</createdBy>
<createdTime>2025-08-19 05:23:52 UTC</createdTime>
<generatorID>C270FA31-9206-E4DE-CF7F-20C3EA084798</generatorID>
<ownerDesignName>Desarrollo Formativa S2</ownerDesignName>
<allowColumnReorder>false</allowColumnReorder>
<existDependencyGenerateInDDl>true</existDependencyGenerateInDDl>
<parsed>true</parsed>
<columns itemClass="oracle.dbtools.crest.model.design.relational.Column">
<Column name="num_vuelo" id="708EFDE8-E371-55B4-D12B-327B58A4546D">
<createdBy>svasquez</createdBy>
<createdTime>2025-08-19 05:23:52 UTC</createdTime>
<generatorID>BF9146CF-6E1C-3D73-DA9B-DBE7E6DB5616</generatorID>
<ownerDesignName>Desarrollo Formativa S2</ownerDesignName>
<useDomainConstraints>false</useDomainConstraints>
<use>1</use>
<logicalDatatype>LOGDT019</logicalDatatype>
<dataTypePrecision>6</dataTypePrecision>
<ownDataTypeParameters>,6,</ownDataTypeParameters>
<autoIncrementCycle>false</autoIncrementCycle>
</Column>
<Column name="fecha_salida" id="FEDB6530-A75C-C541-EE84-D26C8931EA4B">
<createdBy>svasquez</createdBy>
<createdTime>2025-08-19 05:23:52 UTC</createdTime>
<generatorID>FE2E2D8D-2A88-5E82-5450-805BEA1E45AF</generatorID>
<ownerDesignName>Desarrollo Formativa S2</ownerDesignName>
<useDomainConstraints>false</useDomainConstraints>
<use>1</use>
<logicalDatatype>LOGDT007</logicalDatatype>
<ownDataTypeParameters>,,</ownDataTypeParameters>
<autoIncrementCycle>false</autoIncrementCycle>
</Column>
<Column name="fecha_llegada" id="083D97B3-E243-EC66-0181-1C561D66B3DE">
<createdBy>svasquez</createdBy>
<createdTime>2025-08-19 05:23:52 UTC</createdTime>
<generatorID>90D5C656-6ABB-0E56-DACF-3E5CBAAB8885</generatorID>
<ownerDesignName>Desarrollo Formativa S2</ownerDesignName>
<useDomainConstraints>false</useDomainConstraints>
<use>1</use>
<logicalDatatype>LOGDT007</logicalDatatype>
<ownDataTypeParameters>,,</ownDataTypeParameters>
<autoIncrementCycle>false</autoIncrementCycle>
</Column>
<Column name="hora_salida" id="A37E578A-0836-2B8D-3FF1-9E899A658BF1">
<createdBy>svasquez</createdBy>
<createdTime>2025-08-19 05:23:52 UTC</createdTime>
<generatorID>A3A0E23F-5F98-A976-6D45-55FAC599937E</generatorID>
<ownerDesignName>Desarrollo Formativa S2</ownerDesignName>
<useDomainConstraints>false</useDomainConstraints>
<use>1</use>
<logicalDatatype>LOGDT014</logicalDatatype>
<ownDataTypeParameters>,,</ownDataTypeParameters>
<autoIncrementCycle>false</autoIncrementCycle>
</Column>
<Column name="ciudad_desde" id="96776C0E-CD7B-BB2C-B18E-8E927B27B56E">
<createdBy>svasquez</createdBy>
<createdTime>2025-08-19 05:23:52 UTC</createdTime>
<generatorID>514FA1E0-D926-58E9-1EF7-061F429F284E</generatorID>
<ownerDesignName>Desarrollo Formativa S2</ownerDesignName>
<useDomainConstraints>false</useDomainConstraints>
<use>1</use>
<logicalDatatype>LOGDT024</logicalDatatype>
<dataTypeSize>25</dataTypeSize>
<ownDataTypeParameters>25,,</ownDataTypeParameters>
<autoIncrementCycle>false</autoIncrementCycle>
</Column>
<Column name="ciudad_hasta" id="2E76FD8F-45F2-462F-404C-38977986B81D">
<createdBy>svasquez</createdBy>
<createdTime>2025-08-19 05:23:52 UTC</createdTime>
<generatorID>DFC5FB31-78A0-5E27-EA95-80C7D22D296D</generatorID>
<ownerDesignName>Desarrollo Formativa S2</ownerDesignName>
<useDomainConstraints>false</useDomainConstraints>
<use>1</use>
<logicalDatatype>LOGDT024</logicalDatatype>
<dataTypeSize>25</dataTypeSize>
<ownDataTypeParameters>25,,</ownDataTypeParameters>
<autoIncrementCycle>false</autoIncrementCycle>
</Column>
<Column name="matricula_vuelo" id="649E6933-8F70-B505-B5E4-A8DA18E4A822">
<createdBy>svasquez</createdBy>
<createdTime>2025-08-19 05:23:52 UTC</createdTime>
<generatorID>7DE3C7A5-E79B-75FF-49B6-591F455A00F9</generatorID>
<ownerDesignName>Desarrollo Formativa S2</ownerDesignName>
<useDomainConstraints>false</useDomainConstraints>
<use>1</use>
<logicalDatatype>LOGDT019</logicalDatatype>
<dataTypePrecision>10</dataTypePrecision>
<ownDataTypeParameters>,10,</ownDataTypeParameters>
<autoIncrementCycle>false</autoIncrementCycle>
</Column>
</columns>
<indexes itemClass="oracle.dbtools.crest.model.design.relational.Index">
<ind_PK_UK id="4489A027-288F-FB15-C24B-23A16AC6A7B6" name="Vuelo_PK">
<createdBy>svasquez</createdBy>
<createdTime>2025-08-19 05:23:52 UTC</createdTime>
<generatorID>10FE358A-37A8-1093-CFFC-BFBF86A2F83E</generatorID>
<ownerDesignName>Desarrollo Formativa S2</ownerDesignName>
<pk>true</pk>
<indexState>Primary Constraint</indexState>
<isSurrogateKey>false</isSurrogateKey>
<indexColumnUsage>
<colUsage columnID="708EFDE8-E371-55B4-D12B-327B58A4546D"/>
</indexColumnUsage>
</ind_PK_UK>
</indexes>
</Table>