<?xml version = '1.0' encoding = 'UTF-8'?>
<Table class="oracle.dbtools.crest.model.design.relational.Table" directorySegmentName="seg_0" id="D42F334E-D6F0-D75B-4629-A1E0016EC94F" name="Empleado">
<createdBy>svasquez</createdBy>
<createdTime>2025-08-19 05:23:52 UTC</createdTime>
<generatorID>A62EBB56-9366-5FEC-AB07-44373B9FDACC</generatorID>
<ownerDesignName>Desarrollo Formativa S2</ownerDesignName>
<allowColumnReorder>false</allowColumnReorder>
<existDependencyGenerateInDDl>true</existDependencyGenerateInDDl>
<parsed>true</parsed>
<columns itemClass="oracle.dbtools.crest.model.design.relational.Column">
<Column name="Rut_empleado" id="F97875BD-F947-6C7F-CF7C-AE6D165E3753">
<createdBy>svasquez</createdBy>
<createdTime>2025-08-19 05:23:52 UTC</createdTime>
<generatorID>3B2A0FCA-15E2-1970-D391-85D6A4BE6792</generatorID>
<ownerDesignName>Desarrollo Formativa S2</ownerDesignName>
<useDomainConstraints>false</useDomainConstraints>
<use>1</use>
<logicalDatatype>LOGDT025</logicalDatatype>
<dataTypeSize>12</dataTypeSize>
<ownDataTypeParameters>12,,</ownDataTypeParameters>
<autoIncrementCycle>false</autoIncrementCycle>
</Column>
<Column name="nombre_empleado" id="0DD4DA64-7A7E-EDC3-0C00-3CA21EFC5D5A">
<createdBy>svasquez</createdBy>
<createdTime>2025-08-19 05:23:52 UTC</createdTime>
<generatorID>05A544E2-A046-F8B8-B1D3-F8A7A6E98296</generatorID>
<ownerDesignName>Desarrollo Formativa S2</ownerDesignName>
<useDomainConstraints>false</useDomainConstraints>
<use>1</use>
<logicalDatatype>LOGDT024</logicalDatatype>
<dataTypeSize>50</dataTypeSize>
<ownDataTypeParameters>50,,</ownDataTypeParameters>
<autoIncrementCycle>false</autoIncrementCycle>
</Column>
<Column name="direccion" id="09CD6F97-313C-FA22-20B8-E16743D0FCDA">
<createdBy>svasquez</createdBy>
<createdTime>2025-08-19 05:23:52 UTC</createdTime>
<generatorID>5EF49C1E-A9F3-050C-09C7-53E9E94B14DD</generatorID>
<ownerDesignName>Desarrollo Formativa S2</ownerDesignName>
<useDomainConstraints>false</useDomainConstraints>
<use>1</use>
<logicalDatatype>LOGDT024</logicalDatatype>
<dataTypeSize>50</dataTypeSize>
<ownDataTypeParameters>50,,</ownDataTypeParameters>
<autoIncrementCycle>false</autoIncrementCycle>
</Column>
<Column name="sueldo_base" id="9F9F97EF-B7B0-DC07-9487-07BAAC609DB2">
<createdBy>svasquez</createdBy>
<createdTime>2025-08-19 05:23:52 UTC</createdTime>
<generatorID>0851FCD8-3EA7-0641-230E-8BE620C13DD7</generatorID>
<ownerDesignName>Desarrollo Formativa S2</ownerDesignName>
<useDomainConstraints>false</useDomainConstraints>
<use>1</use>
<logicalDatatype>LOGDT019</logicalDatatype>
<dataTypePrecision>10</dataTypePrecision>
<ownDataTypeParameters>,10,</ownDataTypeParameters>
<autoIncrementCycle>false</autoIncrementCycle>
</Column>
<Column name="fecha_ingreso" id="EC992D8A-F8CD-EEBD-90F8-6513C3931FDE">
<createdBy>svasquez</createdBy>
<createdTime>2025-08-19 05:23:52 UTC</createdTime>
<generatorID>144AA0D8-C690-79DF-F600-6EB57385FC96</generatorID>
<ownerDesignName>Desarrollo Formativa S2</ownerDesignName>
<useDomainConstraints>false</useDomainConstraints>
<use>1</use>
<logicalDatatype>LOGDT007</logicalDatatype>
<ownDataTypeParameters>,,</ownDataTypeParameters>
<autoIncrementCycle>false</autoIncrementCycle>
</Column>
<Column name="genero" id="C1B6A456-D408-E73E-8AC0-6FDD18685407">
<createdBy>svasquez</createdBy>
<createdTime>2025-08-19 05:23:52 UTC</createdTime>
<generatorID>E3BECA89-5FB3-EBBA-5A9F-66B6B8E2687D</generatorID>
<ownerDesignName>Desarrollo Formativa S2</ownerDesignName>
<useDomainConstraints>false</useDomainConstraints>
<use>1</use>
<logicalDatatype>LOGDT025</logicalDatatype>
<dataTypeSize>1</dataTypeSize>
<ownDataTypeParameters>1,,</ownDataTypeParameters>
<autoIncrementCycle>false</autoIncrementCycle>
</Column>
<Column name="fono_movil" id="1001C8D1-ADCE-3527-8208-1CF1056BFE97">
<createdBy>svasquez</createdBy>
<createdTime>2025-08-19 05:23:52 UTC</createdTime>
<generatorID>DC9AEDD0-FC28-DCAB-5484-29B2DF4A3398</generatorID>
<ownerDesignName>Desarrollo Formativa S2</ownerDesignName>
<useDomainConstraints>false</useDomainConstraints>
<use>1</use>
<logicalDatatype>LOGDT019</logicalDatatype>
<dataTypePrecision>15</dataTypePrecision>
<ownDataTypeParameters>,15,</ownDataTypeParameters>
<autoIncrementCycle>false</autoIncrementCycle>
</Column>
<Column name="fono_contacto" id="468D32AA-6705-0368-EEAE-DE450EC98555">
<createdBy>svasquez</createdBy>
<createdTime>2025-08-19 05:23:52 UTC</createdTime>
<generatorID>EFAE42A6-BCE7-8E41-FC3B-6C81F1702AA6</generatorID>
<ownerDesignName>Desarrollo Formativa S2</ownerDesignName>
<nullsAllowed>true</nullsAllowed>
<useDomainConstraints>false</useDomainConstraints>
<use>1</use>
<logicalDatatype>LOGDT019</logicalDatatype>
<dataTypePrecision>15</dataTypePrecision>
<ownDataTypeParameters>,15,</ownDataTypeParameters>
<autoIncrementCycle>false</autoIncrementCycle>
</Column>
<Column name="tipo_empleado" id="B3600ED1-8885-6C6F-9437-9A263B3DE48C">
<createdBy>svasquez</createdBy>
<createdTime>2025-08-19 05:23:52 UTC</createdTime>
<generatorID>DE1DE21A-A0C9-93C5-0FEA-DFBB3BD517AB</generatorID>
<ownerDesignName>Desarrollo Formativa S2</ownerDesignName>
<useDomainConstraints>false</useDomainConstraints>
<use>1</use>
<logicalDatatype>LOGDT024</logicalDatatype>
<dataTypeSize>25</dataTypeSize>
<ownDataTypeParameters>25,,</ownDataTypeParameters>
<autoIncrementCycle>false</autoIncrementCycle>
</Column>
<Column name="cantidad_horas_vuelo" id="9E103077-DD5E-7B71-CE2A-A006504BE824">
<createdBy>svasquez</createdBy>
<createdTime>2025-08-19 05:23:52 UTC</createdTime>
<generatorID>8351D874-4926-8836-C51C-5C4386B93469</generatorID>
<ownerDesignName>Desarrollo Formativa S2</ownerDesignName>
<nullsAllowed>true</nullsAllowed>
<useDomainConstraints>false</useDomainConstraints>
<use>1</use>
<logicalDatatype>LOGDT019</logicalDatatype>
<dataTypePrecision>6</dataTypePrecision>
<ownDataTypeParameters>,6,</ownDataTypeParameters>
<autoIncrementCycle>false</autoIncrementCycle>
</Column>
<Column name="afp" id="0E67288C-A0C6-135C-30E7-E117F881F997">
<createdBy>svasquez</createdBy>
<createdTime>2025-08-19 05:23:52 UTC</createdTime>
<generatorID>37D26EA8-6028-A4E6-A999-36D945ED5582</generatorID>
<ownerDesignName>Desarrollo Formativa S2</ownerDesignName>
<useDomainConstraints>false</useDomainConstraints>
<use>1</use>
<logicalDatatype>LOGDT024</logicalDatatype>
<dataTypeSize>25</dataTypeSize>
<ownDataTypeParameters>25,,</ownDataTypeParameters>
<autoIncrementCycle>false</autoIncrementCycle>
</Column>
<Column name="horas_extras" id="C74D92AE-BC6E-6034-6AB0-82730B148A19">
<createdBy>svasquez</createdBy>
<createdTime>2025-08-19 05:23:52 UTC</createdTime>
<generatorID>B99BCE83-0C2E-CF62-23EE-45D6225A3436</generatorID>
<ownerDesignName>Desarrollo Formativa S2</ownerDesignName>
<nullsAllowed>true</nullsAllowed>
<useDomainConstraints>false</useDomainConstraints>
<use>1</use>
<logicalDatatype>LOGDT019</logicalDatatype>
<dataTypePrecision>3</dataTypePrecision>
<ownDataTypeParameters>,3,</ownDataTypeParameters>
<autoIncrementCycle>false</autoIncrementCycle>
</Column>
</columns>
<indexes itemClass="oracle.dbtools.crest.model.design.relational.Index">
<ind_PK_UK id="9B665357-FCEC-722C-D808-99CB989DB745" name="Empleado_PK">
<createdBy>svasquez</createdBy>
<createdTime>2025-08-19 05:23:52 UTC</createdTime>
<generatorID>C706A62C-9CEB-21ED-FA8F-101F395981C2</generatorID>
<ownerDesignName>Desarrollo Formativa S2</ownerDesignName>
<pk>true</pk>
<indexState>Primary Constraint</indexState>
<isSurrogateKey>false</isSurrogateKey>
<indexColumnUsage>
<colUsage columnID="F97875BD-F947-6C7F-CF7C-AE6D165E3753"/>
</indexColumnUsage>
</ind_PK_UK>
</indexes>
</Table>