<?xml version = '1.0' encoding = 'UTF-8'?>
<Table class="oracle.dbtools.crest.model.design.relational.Table" directorySegmentName="seg_0" id="DA7812E0-848B-3784-A35D-963E6893F247" name="Reserva">
<createdBy>svasquez</createdBy>
<createdTime>2025-08-19 05:23:52 UTC</createdTime>
<generatorID>203697D0-F776-0F47-FDE3-EAE63FDEAB7E</generatorID>
<ownerDesignName>Desarrollo Formativa S2</ownerDesignName>
<allowColumnReorder>false</allowColumnReorder>
<existDependencyGenerateInDDl>true</existDependencyGenerateInDDl>
<parsed>true</parsed>
<columns itemClass="oracle.dbtools.crest.model.design.relational.Column">
<Column name="cod_reserva" id="3E0ABBFB-CBA9-6CAD-BC3A-B819909E4305">
<createdBy>svasquez</createdBy>
<createdTime>2025-08-19 05:23:52 UTC</createdTime>
<generatorID>43BFA1F2-EFF6-0054-3F4E-39EFCAE412A1</generatorID>
<ownerDesignName>Desarrollo Formativa S2</ownerDesignName>
<useDomainConstraints>false</useDomainConstraints>
<use>1</use>
<logicalDatatype>LOGDT019</logicalDatatype>
<dataTypePrecision>6</dataTypePrecision>
<ownDataTypeParameters>,6,</ownDataTypeParameters>
<autoIncrementCycle>false</autoIncrementCycle>
</Column>
<Column name="fecha_reserva" id="5BFC80EE-87FD-A8E3-F6BF-46EFB73789BF">
<createdBy>svasquez</createdBy>
<createdTime>2025-08-19 05:23:52 UTC</createdTime>
<generatorID>838ED4E4-DFCB-D6BF-C232-9EFC08A6A77B</generatorID>
<ownerDesignName>Desarrollo Formativa S2</ownerDesignName>
<useDomainConstraints>false</useDomainConstraints>
<use>1</use>
<logicalDatatype>LOGDT007</logicalDatatype>
<ownDataTypeParameters>,,</ownDataTypeParameters>
<autoIncrementCycle>false</autoIncrementCycle>
</Column>
<Column name="fecha_salida" id="DD4999EC-C45E-EFDF-DEA0-52D1C0E0E298">
<createdBy>svasquez</createdBy>
<createdTime>2025-08-19 05:23:52 UTC</createdTime>
<generatorID>9984AD47-67D2-4FAC-12A9-E0B563EB81A4</generatorID>
<ownerDesignName>Desarrollo Formativa S2</ownerDesignName>
<useDomainConstraints>false</useDomainConstraints>
<use>1</use>
<logicalDatatype>LOGDT007</logicalDatatype>
<ownDataTypeParameters>,,</ownDataTypeParameters>
<autoIncrementCycle>false</autoIncrementCycle>
</Column>
<Column name="estado" id="E9CEB6D3-C7D0-3231-C800-7CA0857EEEE4">
<createdBy>svasquez</createdBy>
<createdTime>2025-08-19 05:23:52 UTC</createdTime>
<generatorID>3866E99D-AB74-EAFF-66E8-0E9B145977A2</generatorID>
<ownerDesignName>Desarrollo Formativa S2</ownerDesignName>
<nullsAllowed>true</nullsAllowed>
<useDomainConstraints>false</useDomainConstraints>
<use>1</use>
<logicalDatatype>LOGDT024</logicalDatatype>
<dataTypeSize>25</dataTypeSize>
<ownDataTypeParameters>25,,</ownDataTypeParameters>
<autoIncrementCycle>false</autoIncrementCycle>
</Column>
<Column name="num_vuelo" id="FF174B22-FA2A-A792-8F1B-78F04AD06F25">
<createdBy>svasquez</createdBy>
<createdTime>2025-08-19 05:23:52 UTC</createdTime>
<generatorID>47015D55-C969-2002-2F6C-AB2FA386DE7D</generatorID>
<ownerDesignName>Desarrollo Formativa S2</ownerDesignName>
<useDomainConstraints>false</useDomainConstraints>
<use>1</use>
<logicalDatatype>LOGDT019</logicalDatatype>
<dataTypePrecision>6</dataTypePrecision>
<ownDataTypeParameters>,6,</ownDataTypeParameters>
<autoIncrementCycle>false</autoIncrementCycle>
</Column>
<Column name="Rut_empleado" id="BCA0F025-49B3-3FE4-CC82-7477E2A93C66">
<createdBy>svasquez</createdBy>
<createdTime>2025-08-19 05:23:52 UTC</createdTime>
<generatorID>45C0409E-8590-492A-A778-2A115830AF22</generatorID>
<ownerDesignName>Desarrollo Formativa S2</ownerDesignName>
<useDomainConstraints>false</useDomainConstraints>
<use>1</use>
<logicalDatatype>LOGDT025</logicalDatatype>
<dataTypeSize>12</dataTypeSize>
<ownDataTypeParameters>12,,</ownDataTypeParameters>
<autoIncrementCycle>false</autoIncrementCycle>
</Column>
<Column name="Pasajero_pasaporte_cedula" id="44483BDF-C8A6-FBE8-E34B-3E9EA3BDE42E">
<createdBy>svasquez</createdBy>
<createdTime>2025-08-21 23:28:03 UTC</createdTime>
<generatorID>D0B5A45A-8784-9010-2ECC-0F0D6A8209E6</generatorID>
<ownerDesignName>Desarrollo Formativa S2</ownerDesignName>
<useDomainConstraints>false</useDomainConstraints>
<use>1</use>
<logicalDatatype>LOGDT019</logicalDatatype>
<dataTypePrecision>15</dataTypePrecision>
<ownDataTypeParameters>,,</ownDataTypeParameters>
<previousColumn>false</previousColumn>
<autoIncrementCycle>false</autoIncrementCycle>
<associations>
<colAssociation fkAssociation="856A12CE-94C3-DC33-A232-B9D09EDB1725" referredColumn="B26CAA9A-289B-EA10-30E8-94930785C4A6"/>
</associations>
</Column>
</columns>
<indexes itemClass="oracle.dbtools.crest.model.design.relational.Index">
<ind_PK_UK id="77CEEC7E-32D9-CEB0-8617-5FE825E45359" name="Reserva_PK">
<createdBy>svasquez</createdBy>
<createdTime>2025-08-19 05:23:52 UTC</createdTime>
<generatorID>2B248140-E9B0-8FF8-883E-B138BBFDF4C5</generatorID>
<ownerDesignName>Desarrollo Formativa S2</ownerDesignName>
<pk>true</pk>
<indexState>Primary Constraint</indexState>
<isSurrogateKey>false</isSurrogateKey>
<indexColumnUsage>
<colUsage columnID="3E0ABBFB-CBA9-6CAD-BC3A-B819909E4305"/>
</indexColumnUsage>
</ind_PK_UK>
<ind_PK_UK id="131D3D7E-2E81-62B0-CBA7-6F4F99BBB69A" name="Reserva_Pasajero_FK">
<createdBy>svasquez</createdBy>
<createdTime>2025-08-21 23:28:03 UTC</createdTime>
<generatorID>C3EC978D-EF1B-7815-AACF-3F6D058AB2D1</generatorID>
<ownerDesignName>Desarrollo Formativa S2</ownerDesignName>
<indexState>Foreign Key</indexState>
<isSurrogateKey>false</isSurrogateKey>
<indexColumnUsage>
<colUsage columnID="44483BDF-C8A6-FBE8-E34B-3E9EA3BDE42E"/>
</indexColumnUsage>
</ind_PK_UK>
</indexes>
</Table>