<?xml version = '1.0' encoding = 'UTF-8'?>
<Table class="oracle.dbtools.crest.model.design.relational.Table" directorySegmentName="seg_0" id="E575BCC1-FB27-FD35-91A1-50A067D69388" name="Equipaje">
<createdBy>svasquez</createdBy>
<createdTime>2025-08-21 23:39:16 UTC</createdTime>
<ownerDesignName>Desarrollo Formativa S2</ownerDesignName>
<ordsAlias>table_5</ordsAlias>
<allowColumnReorder>false</allowColumnReorder>
<existDependencyGenerateInDDl>true</existDependencyGenerateInDDl>
<parsed>true</parsed>
</Table>