<?xml version = '1.0' encoding = 'UTF-8'?>
<relationalModel class="oracle.dbtools.crest.model.design.relational.RelationalDesign" name="Relational_1" id="03796C10-5109-3EF6-1CC5-49392FEB0B98" mainViewID="CA446E7E-15E6-EFCD-2063-30AA5878D484">
<createdBy>svasquez</createdBy>
<createdTime>2025-08-19 05:05:29 UTC</createdTime>
<ownerDesignName>Formativa S1</ownerDesignName>
<shouldBeOpen>true</shouldBeOpen>
<selectedRDBMSSite>32076570-2523-435C-2E92-BF29817DFF70</selectedRDBMSSite>
</relationalModel>