<?xml version = '1.0' encoding = 'UTF-8'?>
<Entity class="oracle.dbtools.crest.model.design.logical.Entity" directorySegmentName="seg_0" id="203697D0-F776-0F47-FDE3-EAE63FDEAB7E" name="Reserva">
<createdBy>svasquez</createdBy>
<createdTime>2025-08-19 05:12:53 UTC</createdTime>
<ownerDesignName>Desarrollo Formativa S2</ownerDesignName>
<engineerTo>
<item key="03796C10-5109-3EF6-1CC5-49392FEB0B98" value="true"/>
</engineerTo>
<adequatelyNormalized>NO</adequatelyNormalized>
<expectedVolumes>0</expectedVolumes>
<fwdEngineeringStrategyName>Single Table</fwdEngineeringStrategyName>
<growthPercent>0</growthPercent>
<growthType>Year</growthType>
<maxVolumes>9999999</maxVolumes>
<minVolumes>0</minVolumes>
<normalForm>Third</normalForm>
<attributes itemClass="oracle.dbtools.crest.model.design.logical.Attribute">
<Attribute name="cod reserva" id="43BFA1F2-EFF6-0054-3F4E-39EFCAE412A1">
<createdBy>svasquez</createdBy>
<createdTime>2025-08-19 05:13:01 UTC</createdTime>
<ownerDesignName>Desarrollo Formativa S2</ownerDesignName>
<engineerTo>
<item key="03796C10-5109-3EF6-1CC5-49392FEB0B98" value="true"/>
</engineerTo>
<useDomainConstraints>false</useDomainConstraints>
<use>1</use>
<logicalDatatype>LOGDT019</logicalDatatype>
<dataTypePrecision>6</dataTypePrecision>
<ownDataTypeParameters>,6,</ownDataTypeParameters>
</Attribute>
<Attribute name="fecha reserva" id="838ED4E4-DFCB-D6BF-C232-9EFC08A6A77B">
<createdBy>svasquez</createdBy>
<createdTime>2025-08-19 05:13:42 UTC</createdTime>
<ownerDesignName>Desarrollo Formativa S2</ownerDesignName>
<engineerTo>
<item key="03796C10-5109-3EF6-1CC5-49392FEB0B98" value="true"/>
</engineerTo>
<useDomainConstraints>false</useDomainConstraints>
<use>1</use>
<logicalDatatype>LOGDT007</logicalDatatype>
<ownDataTypeParameters>,,</ownDataTypeParameters>
</Attribute>
<Attribute name="fecha salida" id="9984AD47-67D2-4FAC-12A9-E0B563EB81A4">
<createdBy>svasquez</createdBy>
<createdTime>2025-08-19 05:14:00 UTC</createdTime>
<ownerDesignName>Desarrollo Formativa S2</ownerDesignName>
<engineerTo>
<item key="03796C10-5109-3EF6-1CC5-49392FEB0B98" value="true"/>
</engineerTo>
<useDomainConstraints>false</useDomainConstraints>
<use>1</use>
<logicalDatatype>LOGDT007</logicalDatatype>
<ownDataTypeParameters>,,</ownDataTypeParameters>
</Attribute>
<Attribute name="estado" id="3866E99D-AB74-EAFF-66E8-0E9B145977A2">
<createdBy>svasquez</createdBy>
<createdTime>2025-08-19 05:14:17 UTC</createdTime>
<ownerDesignName>Desarrollo Formativa S2</ownerDesignName>
<engineerTo>
<item key="03796C10-5109-3EF6-1CC5-49392FEB0B98" value="true"/>
</engineerTo>
<nullsAllowed>true</nullsAllowed>
<useDomainConstraints>false</useDomainConstraints>
<use>1</use>
<logicalDatatype>LOGDT024</logicalDatatype>
<dataTypeSize>25</dataTypeSize>
<ownDataTypeParameters>25,,</ownDataTypeParameters>
</Attribute>
<Attribute name="pasaporte cedula1" id="CEE13EF3-58B9-411D-5282-30B161F5FE91">
<createdBy>svasquez</createdBy>
<createdTime>2025-08-19 05:14:37 UTC</createdTime>
<ownerDesignName>Desarrollo Formativa S2</ownerDesignName>
<engineerTo>
<item key="03796C10-5109-3EF6-1CC5-49392FEB0B98" value="true"/>
</engineerTo>
<useDomainConstraints>false</useDomainConstraints>
<use>1</use>
<logicalDatatype>LOGDT019</logicalDatatype>
<dataTypePrecision>15</dataTypePrecision>
<ownDataTypeParameters>,15,</ownDataTypeParameters>
</Attribute>
<Attribute name="num vuelo" id="47015D55-C969-2002-2F6C-AB2FA386DE7D">
<createdBy>svasquez</createdBy>
<createdTime>2025-08-19 05:15:23 UTC</createdTime>
<ownerDesignName>Desarrollo Formativa S2</ownerDesignName>
<engineerTo>
<item key="03796C10-5109-3EF6-1CC5-49392FEB0B98" value="true"/>
</engineerTo>
<useDomainConstraints>false</useDomainConstraints>
<use>1</use>
<logicalDatatype>LOGDT019</logicalDatatype>
<dataTypePrecision>6</dataTypePrecision>
<ownDataTypeParameters>,6,</ownDataTypeParameters>
</Attribute>
<Attribute name="Rut empleado" id="45C0409E-8590-492A-A778-2A115830AF22">
<createdBy>svasquez</createdBy>
<createdTime>2025-08-19 05:15:53 UTC</createdTime>
<ownerDesignName>Desarrollo Formativa S2</ownerDesignName>
<engineerTo>
<item key="03796C10-5109-3EF6-1CC5-49392FEB0B98" value="true"/>
</engineerTo>
<useDomainConstraints>false</useDomainConstraints>
<use>1</use>
<logicalDatatype>LOGDT025</logicalDatatype>
<dataTypeSize>12</dataTypeSize>
<ownDataTypeParameters>12,,</ownDataTypeParameters>
</Attribute>
<Attribute name="Pasajero pasaporte cedula" id="D0B5A45A-8784-9010-2ECC-0F0D6A8209E6">
<createdBy>svasquez</createdBy>
<createdTime>2025-08-21 23:26:09 UTC</createdTime>
<generatorID>C3EC978D-EF1B-7815-AACF-3F6D058AB2D1</generatorID>
<ownerDesignName>Desarrollo Formativa S2</ownerDesignName>
<engineerTo>
<item key="03796C10-5109-3EF6-1CC5-49392FEB0B98" value="true"/>
</engineerTo>
<referedAttribute>99C2353A-B1FA-BAE1-1A61-1AB641C7BA22</referedAttribute>
<useDomainConstraints>false</useDomainConstraints>
<use>1</use>
<logicalDatatype>LOGDT019</logicalDatatype>
<dataTypePrecision>15</dataTypePrecision>
<ownDataTypeParameters>,,</ownDataTypeParameters>
</Attribute>
</attributes>
<identifiers itemClass="oracle.dbtools.crest.model.design.logical.CandidateKey">
<identifier id="2B248140-E9B0-8FF8-883E-B138BBFDF4C5" name="Reserva PK">
<createdBy>svasquez</createdBy>
<createdTime>2025-08-19 05:13:37 UTC</createdTime>
<ownerDesignName>Desarrollo Formativa S2</ownerDesignName>
<shouldEngineer>false</shouldEngineer>
<engineerTo>
<item key="03796C10-5109-3EF6-1CC5-49392FEB0B98" value="false"/>
</engineerTo>
<pk>true</pk>
<usedAttributes>
<attributeRef>43BFA1F2-EFF6-0054-3F4E-39EFCAE412A1</attributeRef>
</usedAttributes>
</identifier>
</identifiers>
</Entity>