<?xml version = '1.0' encoding = 'UTF-8'?>
<Entity class="oracle.dbtools.crest.model.design.logical.Entity" directorySegmentName="seg_0" id="45043BE7-64B6-6CA9-21D9-E30A155100B1" name="Pasajero">
<createdBy>svasquez</createdBy>
<createdTime>2025-08-19 05:22:13 UTC</createdTime>
<ownerDesignName>Desarrollo Formativa S2</ownerDesignName>
<engineerTo>
<item key="03796C10-5109-3EF6-1CC5-49392FEB0B98" value="true"/>
</engineerTo>
<adequatelyNormalized>NO</adequatelyNormalized>
<expectedVolumes>0</expectedVolumes>
<fwdEngineeringStrategyName>Single Table</fwdEngineeringStrategyName>
<growthPercent>0</growthPercent>
<growthType>Year</growthType>
<maxVolumes>9999999</maxVolumes>
<minVolumes>0</minVolumes>
<normalForm>Third</normalForm>
<attributes itemClass="oracle.dbtools.crest.model.design.logical.Attribute">
<Attribute name="pasaporte cedula" id="99C2353A-B1FA-BAE1-1A61-1AB641C7BA22">
<createdBy>svasquez</createdBy>
<createdTime>2025-08-19 05:22:23 UTC</createdTime>
<ownerDesignName>Desarrollo Formativa S2</ownerDesignName>
<engineerTo>
<item key="03796C10-5109-3EF6-1CC5-49392FEB0B98" value="true"/>
</engineerTo>
<useDomainConstraints>false</useDomainConstraints>
<use>1</use>
<logicalDatatype>LOGDT019</logicalDatatype>
<dataTypePrecision>15</dataTypePrecision>
<ownDataTypeParameters>,15,</ownDataTypeParameters>
</Attribute>
<Attribute name="nombre completo" id="4FEC1583-ED34-24C4-B090-BEC8D4833613">
<createdBy>svasquez</createdBy>
<createdTime>2025-08-19 05:22:43 UTC</createdTime>
<ownerDesignName>Desarrollo Formativa S2</ownerDesignName>
<engineerTo>
<item key="03796C10-5109-3EF6-1CC5-49392FEB0B98" value="true"/>
</engineerTo>
<useDomainConstraints>false</useDomainConstraints>
<use>1</use>
<logicalDatatype>LOGDT024</logicalDatatype>
<dataTypeSize>50</dataTypeSize>
<ownDataTypeParameters>50,,</ownDataTypeParameters>
</Attribute>
<Attribute name="fecha nac" id="A6D3843C-4EC6-4ECF-C60C-C8F6A84DF681">
<createdBy>svasquez</createdBy>
<createdTime>2025-08-19 05:22:59 UTC</createdTime>
<ownerDesignName>Desarrollo Formativa S2</ownerDesignName>
<engineerTo>
<item key="03796C10-5109-3EF6-1CC5-49392FEB0B98" value="true"/>
</engineerTo>
<useDomainConstraints>false</useDomainConstraints>
<use>1</use>
<logicalDatatype>LOGDT007</logicalDatatype>
<ownDataTypeParameters>,,</ownDataTypeParameters>
</Attribute>
<Attribute name="fono contacto" id="A69A2FB6-DA26-091D-1F89-590A84629261">
<createdBy>svasquez</createdBy>
<createdTime>2025-08-19 05:23:11 UTC</createdTime>
<ownerDesignName>Desarrollo Formativa S2</ownerDesignName>
<engineerTo>
<item key="03796C10-5109-3EF6-1CC5-49392FEB0B98" value="true"/>
</engineerTo>
<nullsAllowed>true</nullsAllowed>
<useDomainConstraints>false</useDomainConstraints>
<use>1</use>
<logicalDatatype>LOGDT019</logicalDatatype>
<dataTypePrecision>15</dataTypePrecision>
<ownDataTypeParameters>,15,</ownDataTypeParameters>
</Attribute>
<Attribute name="email" id="FF5C1D03-98CA-527F-D81B-834577A42440">
<createdBy>svasquez</createdBy>
<createdTime>2025-08-19 05:23:29 UTC</createdTime>
<ownerDesignName>Desarrollo Formativa S2</ownerDesignName>
<engineerTo>
<item key="03796C10-5109-3EF6-1CC5-49392FEB0B98" value="true"/>
</engineerTo>
<nullsAllowed>true</nullsAllowed>
<useDomainConstraints>false</useDomainConstraints>
<use>1</use>
<logicalDatatype>LOGDT024</logicalDatatype>
<dataTypeSize>50</dataTypeSize>
<ownDataTypeParameters>50,,</ownDataTypeParameters>
</Attribute>
</attributes>
<identifiers itemClass="oracle.dbtools.crest.model.design.logical.CandidateKey">
<identifier id="FD1A5BCF-BCFD-D58F-19B1-75762AF5944C" name="Pasajero PK">
<createdBy>svasquez</createdBy>
<createdTime>2025-08-19 05:22:42 UTC</createdTime>
<ownerDesignName>Desarrollo Formativa S2</ownerDesignName>
<shouldEngineer>false</shouldEngineer>
<engineerTo>
<item key="03796C10-5109-3EF6-1CC5-49392FEB0B98" value="false"/>
</engineerTo>
<pk>true</pk>
<usedAttributes>
<attributeRef>99C2353A-B1FA-BAE1-1A61-1AB641C7BA22</attributeRef>
</usedAttributes>
</identifier>
</identifiers>
</Entity>