<?xml version = '1.0' encoding = 'UTF-8'?>
<Entity class="oracle.dbtools.crest.model.design.logical.Entity" directorySegmentName="seg_0" id="A62EBB56-9366-5FEC-AB07-44373B9FDACC" name="Empleado">
<createdBy>svasquez</createdBy>
<createdTime>2025-08-19 05:16:47 UTC</createdTime>
<ownerDesignName>Desarrollo Formativa S2</ownerDesignName>
<engineerTo>
<item key="03796C10-5109-3EF6-1CC5-49392FEB0B98" value="true"/>
</engineerTo>
<adequatelyNormalized>NO</adequatelyNormalized>
<expectedVolumes>0</expectedVolumes>
<fwdEngineeringStrategyName>Single Table</fwdEngineeringStrategyName>
<growthPercent>0</growthPercent>
<growthType>Year</growthType>
<maxVolumes>9999999</maxVolumes>
<minVolumes>0</minVolumes>
<normalForm>Third</normalForm>
<attributes itemClass="oracle.dbtools.crest.model.design.logical.Attribute">
<Attribute name="Rut empleado" id="3B2A0FCA-15E2-1970-D391-85D6A4BE6792">
<createdBy>svasquez</createdBy>
<createdTime>2025-08-19 05:17:04 UTC</createdTime>
<ownerDesignName>Desarrollo Formativa S2</ownerDesignName>
<engineerTo>
<item key="03796C10-5109-3EF6-1CC5-49392FEB0B98" value="true"/>
</engineerTo>
<useDomainConstraints>false</useDomainConstraints>
<use>1</use>
<logicalDatatype>LOGDT025</logicalDatatype>
<dataTypeSize>12</dataTypeSize>
<ownDataTypeParameters>12,,</ownDataTypeParameters>
</Attribute>
<Attribute name="nombre empleado" id="05A544E2-A046-F8B8-B1D3-F8A7A6E98296">
<createdBy>svasquez</createdBy>
<createdTime>2025-08-19 05:17:54 UTC</createdTime>
<ownerDesignName>Desarrollo Formativa S2</ownerDesignName>
<engineerTo>
<item key="03796C10-5109-3EF6-1CC5-49392FEB0B98" value="true"/>
</engineerTo>
<useDomainConstraints>false</useDomainConstraints>
<use>1</use>
<logicalDatatype>LOGDT024</logicalDatatype>
<dataTypeSize>50</dataTypeSize>
<ownDataTypeParameters>50,,</ownDataTypeParameters>
</Attribute>
<Attribute name="direccion" id="5EF49C1E-A9F3-050C-09C7-53E9E94B14DD">
<createdBy>svasquez</createdBy>
<createdTime>2025-08-19 05:18:12 UTC</createdTime>
<ownerDesignName>Desarrollo Formativa S2</ownerDesignName>
<engineerTo>
<item key="03796C10-5109-3EF6-1CC5-49392FEB0B98" value="true"/>
</engineerTo>
<useDomainConstraints>false</useDomainConstraints>
<use>1</use>
<logicalDatatype>LOGDT024</logicalDatatype>
<dataTypeSize>50</dataTypeSize>
<ownDataTypeParameters>50,,</ownDataTypeParameters>
</Attribute>
<Attribute name="sueldo base" id="0851FCD8-3EA7-0641-230E-8BE620C13DD7">
<createdBy>svasquez</createdBy>
<createdTime>2025-08-19 05:18:28 UTC</createdTime>
<ownerDesignName>Desarrollo Formativa S2</ownerDesignName>
<engineerTo>
<item key="03796C10-5109-3EF6-1CC5-49392FEB0B98" value="true"/>
</engineerTo>
<useDomainConstraints>false</useDomainConstraints>
<use>1</use>
<logicalDatatype>LOGDT019</logicalDatatype>
<dataTypePrecision>10</dataTypePrecision>
<ownDataTypeParameters>,10,</ownDataTypeParameters>
</Attribute>
<Attribute name="fecha ingreso" id="144AA0D8-C690-79DF-F600-6EB57385FC96">
<createdBy>svasquez</createdBy>
<createdTime>2025-08-19 05:19:01 UTC</createdTime>
<ownerDesignName>Desarrollo Formativa S2</ownerDesignName>
<engineerTo>
<item key="03796C10-5109-3EF6-1CC5-49392FEB0B98" value="true"/>
</engineerTo>
<useDomainConstraints>false</useDomainConstraints>
<use>1</use>
<logicalDatatype>LOGDT007</logicalDatatype>
<ownDataTypeParameters>,,</ownDataTypeParameters>
</Attribute>
<Attribute name="genero" id="E3BECA89-5FB3-EBBA-5A9F-66B6B8E2687D">
<createdBy>svasquez</createdBy>
<createdTime>2025-08-19 05:19:18 UTC</createdTime>
<ownerDesignName>Desarrollo Formativa S2</ownerDesignName>
<engineerTo>
<item key="03796C10-5109-3EF6-1CC5-49392FEB0B98" value="true"/>
</engineerTo>
<useDomainConstraints>false</useDomainConstraints>
<use>1</use>
<logicalDatatype>LOGDT025</logicalDatatype>
<dataTypeSize>1</dataTypeSize>
<ownDataTypeParameters>1,,</ownDataTypeParameters>
</Attribute>
<Attribute name="fono movil" id="DC9AEDD0-FC28-DCAB-5484-29B2DF4A3398">
<createdBy>svasquez</createdBy>
<createdTime>2025-08-19 05:19:31 UTC</createdTime>
<ownerDesignName>Desarrollo Formativa S2</ownerDesignName>
<engineerTo>
<item key="03796C10-5109-3EF6-1CC5-49392FEB0B98" value="true"/>
</engineerTo>
<useDomainConstraints>false</useDomainConstraints>
<use>1</use>
<logicalDatatype>LOGDT019</logicalDatatype>
<dataTypePrecision>15</dataTypePrecision>
<ownDataTypeParameters>,15,</ownDataTypeParameters>
</Attribute>
<Attribute name="fono contacto" id="EFAE42A6-BCE7-8E41-FC3B-6C81F1702AA6">
<createdBy>svasquez</createdBy>
<createdTime>2025-08-19 05:20:00 UTC</createdTime>
<ownerDesignName>Desarrollo Formativa S2</ownerDesignName>
<engineerTo>
<item key="03796C10-5109-3EF6-1CC5-49392FEB0B98" value="true"/>
</engineerTo>
<nullsAllowed>true</nullsAllowed>
<useDomainConstraints>false</useDomainConstraints>
<use>1</use>
<logicalDatatype>LOGDT019</logicalDatatype>
<dataTypePrecision>15</dataTypePrecision>
<ownDataTypeParameters>,15,</ownDataTypeParameters>
</Attribute>
<Attribute name="tipo empleado" id="DE1DE21A-A0C9-93C5-0FEA-DFBB3BD517AB">
<createdBy>svasquez</createdBy>
<createdTime>2025-08-19 05:20:19 UTC</createdTime>
<ownerDesignName>Desarrollo Formativa S2</ownerDesignName>
<engineerTo>
<item key="03796C10-5109-3EF6-1CC5-49392FEB0B98" value="true"/>
</engineerTo>
<useDomainConstraints>false</useDomainConstraints>
<use>1</use>
<logicalDatatype>LOGDT024</logicalDatatype>
<dataTypeSize>25</dataTypeSize>
<ownDataTypeParameters>25,,</ownDataTypeParameters>
</Attribute>
<Attribute name="cantidad horas vuelo" id="8351D874-4926-8836-C51C-5C4386B93469">
<createdBy>svasquez</createdBy>
<createdTime>2025-08-19 05:20:45 UTC</createdTime>
<ownerDesignName>Desarrollo Formativa S2</ownerDesignName>
<engineerTo>
<item key="03796C10-5109-3EF6-1CC5-49392FEB0B98" value="true"/>
</engineerTo>
<nullsAllowed>true</nullsAllowed>
<useDomainConstraints>false</useDomainConstraints>
<use>1</use>
<logicalDatatype>LOGDT019</logicalDatatype>
<dataTypePrecision>6</dataTypePrecision>
<ownDataTypeParameters>,6,</ownDataTypeParameters>
</Attribute>
<Attribute name="afp" id="37D26EA8-6028-A4E6-A999-36D945ED5582">
<createdBy>svasquez</createdBy>
<createdTime>2025-08-19 05:21:14 UTC</createdTime>
<ownerDesignName>Desarrollo Formativa S2</ownerDesignName>
<engineerTo>
<item key="03796C10-5109-3EF6-1CC5-49392FEB0B98" value="true"/>
</engineerTo>
<useDomainConstraints>false</useDomainConstraints>
<use>1</use>
<logicalDatatype>LOGDT024</logicalDatatype>
<dataTypeSize>25</dataTypeSize>
<ownDataTypeParameters>25,,</ownDataTypeParameters>
</Attribute>
<Attribute name="horas extras" id="B99BCE83-0C2E-CF62-23EE-45D6225A3436">
<createdBy>svasquez</createdBy>
<createdTime>2025-08-19 05:21:32 UTC</createdTime>
<ownerDesignName>Desarrollo Formativa S2</ownerDesignName>
<engineerTo>
<item key="03796C10-5109-3EF6-1CC5-49392FEB0B98" value="true"/>
</engineerTo>
<nullsAllowed>true</nullsAllowed>
<useDomainConstraints>false</useDomainConstraints>
<use>1</use>
<logicalDatatype>LOGDT019</logicalDatatype>
<dataTypePrecision>3</dataTypePrecision>
<ownDataTypeParameters>,3,</ownDataTypeParameters>
</Attribute>
</attributes>
<identifiers itemClass="oracle.dbtools.crest.model.design.logical.CandidateKey">
<identifier id="C706A62C-9CEB-21ED-FA8F-101F395981C2" name="Empleado PK">
<createdBy>svasquez</createdBy>
<createdTime>2025-08-19 05:17:52 UTC</createdTime>
<ownerDesignName>Desarrollo Formativa S2</ownerDesignName>
<shouldEngineer>false</shouldEngineer>
<engineerTo>
<item key="03796C10-5109-3EF6-1CC5-49392FEB0B98" value="false"/>
</engineerTo>
<pk>true</pk>
<usedAttributes>
<attributeRef>3B2A0FCA-15E2-1970-D391-85D6A4BE6792</attributeRef>
</usedAttributes>
</identifier>
</identifiers>
</Entity>