<?xml version = '1.0' encoding = 'UTF-8'?>
<Entity class="oracle.dbtools.crest.model.design.logical.Entity" directorySegmentName="seg_0" id="C270FA31-9206-E4DE-CF7F-20C3EA084798" name="Vuelo">
<createdBy>svasquez</createdBy>
<createdTime>2025-08-19 05:09:40 UTC</createdTime>
<ownerDesignName>Desarrollo Formativa S2</ownerDesignName>
<engineerTo>
<item key="03796C10-5109-3EF6-1CC5-49392FEB0B98" value="true"/>
</engineerTo>
<adequatelyNormalized>NO</adequatelyNormalized>
<expectedVolumes>0</expectedVolumes>
<fwdEngineeringStrategyName>Single Table</fwdEngineeringStrategyName>
<growthPercent>0</growthPercent>
<growthType>Year</growthType>
<maxVolumes>9999999</maxVolumes>
<minVolumes>0</minVolumes>
<normalForm>Third</normalForm>
<attributes itemClass="oracle.dbtools.crest.model.design.logical.Attribute">
<Attribute name="num vuelo" id="BF9146CF-6E1C-3D73-DA9B-DBE7E6DB5616">
<createdBy>svasquez</createdBy>
<createdTime>2025-08-19 05:09:48 UTC</createdTime>
<ownerDesignName>Desarrollo Formativa S2</ownerDesignName>
<engineerTo>
<item key="03796C10-5109-3EF6-1CC5-49392FEB0B98" value="true"/>
</engineerTo>
<useDomainConstraints>false</useDomainConstraints>
<use>1</use>
<logicalDatatype>LOGDT019</logicalDatatype>
<dataTypePrecision>6</dataTypePrecision>
<ownDataTypeParameters>,6,</ownDataTypeParameters>
</Attribute>
<Attribute name="fecha salida" id="FE2E2D8D-2A88-5E82-5450-805BEA1E45AF">
<createdBy>svasquez</createdBy>
<createdTime>2025-08-19 05:10:19 UTC</createdTime>
<ownerDesignName>Desarrollo Formativa S2</ownerDesignName>
<engineerTo>
<item key="03796C10-5109-3EF6-1CC5-49392FEB0B98" value="true"/>
</engineerTo>
<useDomainConstraints>false</useDomainConstraints>
<use>1</use>
<logicalDatatype>LOGDT007</logicalDatatype>
<ownDataTypeParameters>,,</ownDataTypeParameters>
</Attribute>
<Attribute name="fecha llegada" id="90D5C656-6ABB-0E56-DACF-3E5CBAAB8885">
<createdBy>svasquez</createdBy>
<createdTime>2025-08-19 05:10:34 UTC</createdTime>
<ownerDesignName>Desarrollo Formativa S2</ownerDesignName>
<engineerTo>
<item key="03796C10-5109-3EF6-1CC5-49392FEB0B98" value="true"/>
</engineerTo>
<useDomainConstraints>false</useDomainConstraints>
<use>1</use>
<logicalDatatype>LOGDT007</logicalDatatype>
<ownDataTypeParameters>,,</ownDataTypeParameters>
</Attribute>
<Attribute name="hora salida" id="A3A0E23F-5F98-A976-6D45-55FAC599937E">
<createdBy>svasquez</createdBy>
<createdTime>2025-08-19 05:10:49 UTC</createdTime>
<ownerDesignName>Desarrollo Formativa S2</ownerDesignName>
<engineerTo>
<item key="03796C10-5109-3EF6-1CC5-49392FEB0B98" value="true"/>
</engineerTo>
<useDomainConstraints>false</useDomainConstraints>
<use>1</use>
<logicalDatatype>LOGDT014</logicalDatatype>
<ownDataTypeParameters>,,</ownDataTypeParameters>
</Attribute>
<Attribute name="ciudad desde" id="514FA1E0-D926-58E9-1EF7-061F429F284E">
<createdBy>svasquez</createdBy>
<createdTime>2025-08-19 05:11:10 UTC</createdTime>
<ownerDesignName>Desarrollo Formativa S2</ownerDesignName>
<engineerTo>
<item key="03796C10-5109-3EF6-1CC5-49392FEB0B98" value="true"/>
</engineerTo>
<useDomainConstraints>false</useDomainConstraints>
<use>1</use>
<logicalDatatype>LOGDT024</logicalDatatype>
<dataTypeSize>25</dataTypeSize>
<ownDataTypeParameters>25,,</ownDataTypeParameters>
</Attribute>
<Attribute name="ciudad hasta" id="DFC5FB31-78A0-5E27-EA95-80C7D22D296D">
<createdBy>svasquez</createdBy>
<createdTime>2025-08-19 05:11:40 UTC</createdTime>
<ownerDesignName>Desarrollo Formativa S2</ownerDesignName>
<engineerTo>
<item key="03796C10-5109-3EF6-1CC5-49392FEB0B98" value="true"/>
</engineerTo>
<useDomainConstraints>false</useDomainConstraints>
<use>1</use>
<logicalDatatype>LOGDT024</logicalDatatype>
<dataTypeSize>25</dataTypeSize>
<ownDataTypeParameters>25,,</ownDataTypeParameters>
</Attribute>
<Attribute name="matricula vuelo" id="7DE3C7A5-E79B-75FF-49B6-591F455A00F9">
<createdBy>svasquez</createdBy>
<createdTime>2025-08-19 05:12:02 UTC</createdTime>
<ownerDesignName>Desarrollo Formativa S2</ownerDesignName>
<engineerTo>
<item key="03796C10-5109-3EF6-1CC5-49392FEB0B98" value="true"/>
</engineerTo>
<useDomainConstraints>false</useDomainConstraints>
<use>1</use>
<logicalDatatype>LOGDT019</logicalDatatype>
<dataTypePrecision>10</dataTypePrecision>
<ownDataTypeParameters>,10,</ownDataTypeParameters>
</Attribute>
</attributes>
<identifiers itemClass="oracle.dbtools.crest.model.design.logical.CandidateKey">
<identifier id="10FE358A-37A8-1093-CFFC-BFBF86A2F83E" name="Vuelo PK">
<createdBy>svasquez</createdBy>
<createdTime>2025-08-19 05:10:15 UTC</createdTime>
<ownerDesignName>Desarrollo Formativa S2</ownerDesignName>
<shouldEngineer>false</shouldEngineer>
<engineerTo>
<item key="03796C10-5109-3EF6-1CC5-49392FEB0B98" value="false"/>
</engineerTo>
<pk>true</pk>
<usedAttributes>
<attributeRef>BF9146CF-6E1C-3D73-DA9B-DBE7E6DB5616</attributeRef>
</usedAttributes>
</identifier>
</identifiers>
</Entity>