<?xml version = '1.0' encoding = 'UTF-8'?>
<Relation class="oracle.dbtools.crest.model.design.logical.Relation" name="Reserva Pasajero FK" directorySegmentName="seg_0" id="C3EC978D-EF1B-7815-AACF-3F6D058AB2D1">
<createdBy>svasquez</createdBy>
<createdTime>2025-08-21 23:26:09 UTC</createdTime>
<ownerDesignName>Desarrollo Formativa S2</ownerDesignName>
<engineerTo>
<item key="03796C10-5109-3EF6-1CC5-49392FEB0B98" value="true"/>
</engineerTo>
<sourcePk>FD1A5BCF-BCFD-D58F-19B1-75762AF5944C</sourcePk>
<targetPk>2B248140-E9B0-8FF8-883E-B138BBFDF4C5</targetPk>
<identifying>false</identifying>
<optionalSource>true</optionalSource>
<optionalTarget>false</optionalTarget>
<sourceCardinality>1</sourceCardinality>
<sourceEntity>45043BE7-64B6-6CA9-21D9-E30A155100B1</sourceEntity>
<targetCardinalityString>*</targetCardinalityString>
<targetEntity>203697D0-F776-0F47-FDE3-EAE63FDEAB7E</targetEntity>
<transferable>true</transferable>
<deleteRule>NO ACTION</deleteRule>
</Relation>