<?xml version = '1.0' encoding = 'UTF-8'?>
<Diagram class="oracle.dbtools.crest.swingui.logical.DPVLogical" name="Logical" id="194B390D-884B-3948-5344-7AA450B79C1F">
<createdBy>svasquez</createdBy>
<modifiedBy>svasquez</modifiedBy>
<createdTime>2025-08-19 05:09:40 UTC</createdTime>
<autoRoute>false</autoRoute>
<boxInbox>true</boxInbox>
<showLegend>false</showLegend>
<showLabels>false</showLabels>
<showRelAttributes>false</showRelAttributes>
<gridEnabled>false</gridEnabled>
<showGrid>false</showGrid>
<diagramColor>-1</diagramColor>
<display>false</display>
<notation>0</notation>
<objectViews>
<OView class="oracle.dbtools.crest.swingui.logical.TVEntity" oid="203697D0-F776-0F47-FDE3-EAE63FDEAB7E" otype="Entity" vid="D96B8CBE-9C2A-FB8F-1979-EECFC3F2ED6D">
<hideElementsInCurrentOnly>false</hideElementsInCurrentOnly>
<bounds x="362" y="139" width="336" height="266"/>
</OView>
<OView class="oracle.dbtools.crest.swingui.logical.TVEntity" oid="45043BE7-64B6-6CA9-21D9-E30A155100B1" otype="Entity" vid="9252DC0F-9905-D6C0-34BD-482AAD32336D">
<hideElementsInCurrentOnly>false</hideElementsInCurrentOnly>
<bounds x="33" y="463" width="267" height="160"/>
</OView>
<OView class="oracle.dbtools.crest.swingui.logical.TVEntity" oid="A62EBB56-9366-5FEC-AB07-44373B9FDACC" otype="Entity" vid="1BF1E201-28FB-D2F2-EF6C-08D763B63D01">
<hideElementsInCurrentOnly>false</hideElementsInCurrentOnly>
<bounds x="816" y="127" width="255" height="266"/>
</OView>
<OView class="oracle.dbtools.crest.swingui.logical.TVEntity" oid="C270FA31-9206-E4DE-CF7F-20C3EA084798" otype="Entity" vid="2242AC84-5DBA-D4F4-68BD-E7C57B229A53">
<hideElementsInCurrentOnly>false</hideElementsInCurrentOnly>
<bounds x="67" y="50" width="229" height="148"/>
</OView>
</objectViews>
<connectors>
<Connector class="oracle.dbtools.crest.swingui.logical.TVRelation" oid="C3EC978D-EF1B-7815-AACF-3F6D058AB2D1" otype="Relation" vid_source="9252DC0F-9905-D6C0-34BD-482AAD32336D" vid_target="D96B8CBE-9C2A-FB8F-1979-EECFC3F2ED6D">
<hideElementsInCurrentOnly>false</hideElementsInCurrentOnly>
<backgroundColor>-16777216</backgroundColor>
<lineWidth>1</lineWidth>
<points>
<point x="273" y="463"/>
<point x="362" y="397"/>
</points>
</Connector>
</connectors>
</Diagram>