<?xml version = '1.0' encoding = 'UTF-8'?>
<Diagram class="oracle.dbtools.crest.swingui.relational.DPVRelational" name="Relational_1" id="CA446E7E-15E6-EFCD-2063-30AA5878D484">
<createdBy>svasquez</createdBy>
<modifiedBy>svasquez</modifiedBy>
<createdTime>2025-08-19 05:23:52 UTC</createdTime>
<autoRoute>false</autoRoute>
<boxInbox>true</boxInbox>
<showLegend>false</showLegend>
<showLabels>false</showLabels>
<showRelAttributes>false</showRelAttributes>
<gridEnabled>false</gridEnabled>
<showGrid>false</showGrid>
<diagramColor>-1</diagramColor>
<display>false</display>
<notation>1</notation>
<objectViews>
<OView class="oracle.dbtools.crest.swingui.relational.TVTable" oid="00DBF500-7A30-70A9-5A1D-CC89D51F1883" otype="Table" vid="C3FFC022-9783-F97B-48AB-1ACA71AF8F87">
<hideElementsInCurrentOnly>false</hideElementsInCurrentOnly>
<bounds x="33" y="463" width="267" height="160"/>
</OView>
<OView class="oracle.dbtools.crest.swingui.relational.TVTable" oid="C6165FEC-BE95-3E5C-DECB-CC1AFEF35134" otype="Table" vid="8B9EB9ED-90BE-385A-7263-6A5E49DDC3C0">
<hideElementsInCurrentOnly>false</hideElementsInCurrentOnly>
<bounds x="36" y="30" width="229" height="148"/>
</OView>
<OView class="oracle.dbtools.crest.swingui.relational.TVTable" oid="D42F334E-D6F0-D75B-4629-A1E0016EC94F" otype="Table" vid="0E9231C1-AD56-0861-F0F6-5B1EB957CD66">
<hideElementsInCurrentOnly>false</hideElementsInCurrentOnly>
<bounds x="887" y="173" width="255" height="266"/>
</OView>
<OView class="oracle.dbtools.crest.swingui.relational.TVTable" oid="DA7812E0-848B-3784-A35D-963E6893F247" otype="Table" vid="68CACF07-3EA0-9FAB-3A52-8190E9657F37">
<hideElementsInCurrentOnly>false</hideElementsInCurrentOnly>
<bounds x="369" y="173" width="336" height="266"/>
</OView>
<OView class="oracle.dbtools.crest.swingui.relational.TVTable" oid="E575BCC1-FB27-FD35-91A1-50A067D69388" otype="Table" vid="7750873B-A24B-0228-1F15-60E6C3149070">
<hideElementsInCurrentOnly>false</hideElementsInCurrentOnly>
<bounds x="551" y="514" width="242" height="170"/>
</OView>
</objectViews>
<connectors>
<Connector class="oracle.dbtools.crest.swingui.relational.TVFKRelation" oid="856A12CE-94C3-DC33-A232-B9D09EDB1725" otype="FKIndexAssociation" vid_source="C3FFC022-9783-F97B-48AB-1ACA71AF8F87" vid_target="68CACF07-3EA0-9FAB-3A52-8190E9657F37">
<hideElementsInCurrentOnly>false</hideElementsInCurrentOnly>
<backgroundColor>-16777216</backgroundColor>
<lineWidth>1</lineWidth>
<points>
<point x="273" y="463"/>
<point x="362" y="397"/>
</points>
</Connector>
</connectors>
</Diagram>